{
  "PartitionKey": "TrainUnitParameters",
  "Class": "158###",
  "BaseClassType": "158###",
  "CurveRes": 0.0,
  "Mass": 117500.0,
  "Length": 46.42,
  "DragA": 0.0,
  "DragAmass": 0.014723,
  "DragB": 0.0,
  "DragBmass": 0.0,
  "DragC": 1.8161,
  "DeltaDragC": 2.8662,
  "MaxSpeed": 40.23,
  "RotatingMassCoefficient": 0.0,
  "NumberOfCars": 2,
  "MechanicalBraking": 0.0,
  "Type": 0,
  "Propulsion": 6,
  "ProtectionSystem": null,
  "PreferedBraking": [
    [
      0.0,
      0.59574
    ]
  ],
  "BrakedWeightPercentageG": 100,
  "BrakedWeightPercentageP": 100,
  "DisplayName": "158###",
  "NumAxles": 8,
  "SupportedTypes": [
    "158###",
    "159###"
  ],
  "MinimumCoastingSpeed": 8.33,
  "MinimumCoastingDistance": 500,
  "IsLoco": false,
  "SpeedometerDeviation": 1.0,
  "TractionPowerMap": null,
  "BrakingPowerMap": null,
  "BrakingCurves": [],
  "TractionCurves": [
    {
      "IsMax": true,
      "IsDefault": false,
      "Forces": [
        34700.0,
        34700.0,
        34700.0,
        34700.0,
        34700.0,
        34700.0,
        34700.0,
        34700.0,
        34700.0,
        34700.0,
        34700.0,
        34700.0,
        34700.0,
        34700.0,
        34700.0,
        34700.0,
        34700.0,
        34700.0,
        34700.0,
        34700.0,
        34700.0,
        34700.0,
        34700.0,
        34700.0,
        34700.0,
        34700.0,
        34700.0,
        34700.0,
        34700.0,
        34700.0,
        34700.0,
        34700.0,
        34700.0,
        34700.0,
        34700.0,
        34700.0,
        34700.0,
        34700.0,
        34700.0,
        34700.0,
        34700.0,
        34700.0,
        34700.0,
        34700.0,
        34700.0,
        34700.0,
        34700.0,
        34700.0,
        34700.0,
        34700.0,
        34700.0,
        34700.0,
        34700.0,
        34700.0,
        34700.0,
        34700.0,
        34700.0,
        34700.0,
        34700.0,
        34700.0,
        34700.0,
        34636.72,
        34078.062,
        33537.14,
        33013.125,
        32505.229,
        32012.725,
        31534.924,
        31071.178,
        30620.867,
        30183.43,
        29758.309,
        29344.998,
        28943.014,
        28551.89,
        28171.2,
        27800.527,
        27439.48,
        27087.691,
        26744.809,
        26410.5,
        26084.445,
        25766.34,
        25455.904,
        25152.857,
        24856.941,
        24567.906,
        24285.518,
        24009.545,
        23739.773,
        23476.0,
        23218.021,
        22965.65,
        22718.709,
        22477.021,
        22240.42,
        22008.748,
        21781.855,
        21559.592,
        21341.816,
        21128.4,
        20919.207,
        20714.117,
        20513.008,
        20315.768,
        20122.285,
        19932.453,
        19746.168,
        19563.332,
        19383.854,
        19207.637,
        19034.594,
        18864.643,
        18697.697,
        18533.684,
        18372.52,
        18214.139,
        18058.46,
        17905.424,
        17754.957,
        17607.0,
        17461.486,
        17318.36,
        17177.56,
        17039.031,
        16902.72,
        16768.57,
        16636.535,
        16506.562,
        16378.604,
        16252.614,
        16128.55,
        16006.362,
        15886.014,
        15767.462,
        15650.666,
        15535.589,
        15422.188,
        15310.434,
        15200.288,
        15091.715,
        14984.68,
        14879.154,
        14775.1045,
        14672.499,
        14571.31,
        14471.507
      ],
      "Voltage": -1,
      "Frequency": -1.0
    }
  ],
  "BrakingForce": 0.0,
  "BrakingPower": 0.0,
  "TractionForce": 0,
  "TractionPower": 0,
  "TractionEfficiency": 0.8,
  "BrakingEfficiency": 0.8
}