{
  "PartitionKey": "TrainUnitParameters",
  "Class": "159###",
  "BaseClassType": "159###",
  "CurveRes": 0.0,
  "Mass": 117500.0,
  "Length": 69.73,
  "DragA": 0.0,
  "DragAmass": 0.014723,
  "DragB": 0.0,
  "DragBmass": 0.0,
  "DragC": 1.8161,
  "DeltaDragC": 2.8662,
  "MaxSpeed": 40.23,
  "RotatingMassCoefficient": 0.0,
  "NumberOfCars": 3,
  "MechanicalBraking": 0.0,
  "Type": 0,
  "Propulsion": 6,
  "ProtectionSystem": null,
  "PreferedBraking": [
    [
      0.0,
      0.57021
    ]
  ],
  "BrakedWeightPercentageG": 100,
  "BrakedWeightPercentageP": 100,
  "DisplayName": "159###",
  "NumAxles": 12,
  "SupportedTypes": [
    "159###",
    "158###"
  ],
  "MinimumCoastingSpeed": 8.33,
  "MinimumCoastingDistance": 500,
  "IsLoco": false,
  "SpeedometerDeviation": 1.0,
  "TractionPowerMap": null,
  "BrakingPowerMap": null,
  "BrakingCurves": [],
  "TractionCurves": [
    {
      "IsMax": true,
      "IsDefault": false,
      "Forces": [
        41000.0,
        41000.0,
        41000.0,
        41000.0,
        41000.0,
        41000.0,
        41000.0,
        41000.0,
        41000.0,
        41000.0,
        41000.0,
        41000.0,
        41000.0,
        41000.0,
        41000.0,
        41000.0,
        41000.0,
        41000.0,
        41000.0,
        41000.0,
        41000.0,
        41000.0,
        41000.0,
        41000.0,
        41000.0,
        41000.0,
        41000.0,
        41000.0,
        41000.0,
        41000.0,
        41000.0,
        41000.0,
        41000.0,
        41000.0,
        41000.0,
        41000.0,
        41000.0,
        41000.0,
        41000.0,
        41000.0,
        41000.0,
        41000.0,
        41000.0,
        41000.0,
        41000.0,
        41000.0,
        41000.0,
        40212.766,
        39375.0,
        38571.43,
        37800.0,
        37058.82,
        36346.156,
        35660.375,
        35000.0,
        34363.633,
        33750.0,
        33157.895,
        32586.207,
        32033.896,
        31500.0,
        30983.607,
        30483.871,
        29999.998,
        29531.25,
        29076.922,
        28636.363,
        28208.955,
        27794.117,
        27391.305,
        27000.0,
        26619.717,
        26249.998,
        25890.41,
        25540.541,
        25200.0,
        24868.42,
        24545.453,
        24230.768,
        23924.05,
        23625.0,
        23333.332,
        23048.78,
        22771.084,
        22500.0,
        22235.293,
        21976.744,
        21724.139,
        21477.273,
        21235.955,
        21000.0,
        20769.23,
        20543.479,
        20322.58,
        20106.383,
        19894.736,
        19687.5,
        19484.535,
        19285.715,
        19090.908,
        18900.0,
        18712.871,
        18529.41,
        18349.514,
        18173.078,
        18000.0,
        17830.188,
        17663.55,
        17500.0,
        17339.45,
        17181.816,
        17027.025,
        16875.0,
        16725.662,
        16578.947,
        16434.781,
        16293.104,
        16153.847,
        16016.948,
        15882.353,
        15750.0,
        15619.834,
        15491.804,
        15365.853,
        15241.936,
        15120.0,
        14999.999,
        14881.89,
        14765.625,
        14651.162,
        14538.461,
        14427.48,
        14318.182,
        14210.526,
        14104.478,
        14000.0,
        13897.059,
        13795.62,
        13695.652,
        13597.122,
        13500.0,
        13404.255,
        13309.858,
        13216.782,
        13124.999,
        13034.482,
        12945.205
      ],
      "Voltage": -1,
      "Frequency": -1.0
    }
  ],
  "BrakingForce": 0.0,
  "BrakingPower": 0.0,
  "TractionForce": 0,
  "TractionPower": 0,
  "TractionEfficiency": 0.8,
  "BrakingEfficiency": 0.8
}