{
  "PartitionKey": "TrainUnitParameters",
  "Class": "2200",
  "BaseClassType": "2200",
  "CurveRes": 0.0,
  "Mass": 188000.0,
  "Length": 8111.0,
  "DragA": 0.0,
  "DragAmass": 8232.0,
  "DragB": 0.0,
  "DragBmass": 0.0,
  "DragC": 23324.0,
  "DeltaDragC": 43782.0,
  "MaxSpeed": 444444.0,
  "RotatingMassCoefficient": 0.0,
  "NumberOfCars": 3,
  "MechanicalBraking": 0.0,
  "Type": 0,
  "Propulsion": 0,
  "ProtectionSystem": null,
  "PreferedBraking": [
    [
      0.0,
      6.0
    ]
  ],
  "BrakedWeightPercentageG": 120,
  "BrakedWeightPercentageP": 120,
  "DisplayName": "2200",
  "NumAxles": 10,
  "SupportedTypes": [],
  "MinimumCoastingSpeed": 8333.0,
  "MinimumCoastingDistance": 300,
  "IsLoco": false,
  "SpeedometerDeviation": 0.0,
  "TractionPowerMap": null,
  "BrakingPowerMap": null,
  "BrakingCurves": [
    {
      "IsMax": true,
      "IsDefault": false,
      "Forces": [
        0.0,
        -8000.0,
        -16000.0,
        -24000.0,
        -32000.0,
        -40000.0,
        -48000.0,
        -56000.0,
        -64000.0,
        -72000.0,
        -80000.0,
        -88000.0,
        -96000.0,
        -104000.0,
        -112000.0,
        -120000.0,
        -128000.0,
        -136000.0,
        -144000.0,
        -152000.0,
        -160000.0,
        -165440.0,
        -165440.0,
        -165440.0,
        -165440.0,
        -165440.0,
        -165440.0,
        -165440.0,
        -165440.0,
        -165440.0,
        -165440.0,
        -165440.0,
        -165440.0,
        -165440.0,
        -165440.0,
        -165440.0,
        -165440.0,
        -165440.0,
        -165440.0,
        -165440.0,
        -165440.0,
        -1.6437073E+09,
        -1.6045714E+09,
        -1.5672558E+09,
        -1.5316364E+09,
        -149760.0,
        -1.4650435E+09,
        -143387230.0,
        -140400.0,
        -1.375347E+09,
        -134784.0,
        -1.3214117E+09,
        -129600.0,
        -127154720.0,
        -124800.0,
        -1.225309E+09,
        -1.2034286E+09,
        -1.1823158E+09,
        -1.161931E+09,
        -1.1422373E+09,
        -112320.0,
        -1.104787E+09,
        -1.0869677E+09,
        -1.0697143E+09,
        -105300.0,
        -103680.0,
        -1.0210909E+09,
        -1.00585075E+09,
        -991058800.0,
        -976695700.0,
        -962742850.0,
        -949183100.0,
        -93600.0,
        -923178100.0,
        -910702700.0,
        -89856.0,
        -886736830.0,
        -875220800.0,
        -86400.0,
        -853063300.0,
        -84240.0,
        -83200.0,
        -821853630.0,
        -811951800.0,
        -802285700.0,
        -792847040.0,
        -783627900.0,
        -77462070.0,
        -765818200.0,
        -757213500.0,
        -74880.0,
        -740571460.0,
        -732521700.0,
        -724645200.0,
        -71693620.0,
        -709389500.0,
        -70200.0,
        -694762900.0,
        -687673500.0,
        -680727300.0,
        -67392.0,
        -667247550.0,
        -660705860.0,
        -654291260.0,
        -64800.0,
        -641828540.0,
        -635773600.0,
        -629831800.0,
        -62400.0,
        -618275200.0,
        -612654500.0,
        -607135100.0,
        -601714300.0,
        -596389400.0,
        -591157900.0,
        -586017400.0,
        -580965500.0,
        -57600.0,
        -571118660.0,
        -566319360.0,
        -56160.0,
        -556958660.0,
        -552393500.0,
        -547902460.0,
        -543483840.0,
        -539136.0,
        -534857150.0,
        -530645660.0,
        -52650.0,
        -522418600.0,
        -51840.0,
        -514442750.0,
        -510545440.0,
        -506706750.0,
        -502925380.0,
        -49920.0,
        -495529400.0,
        -491912420.0,
        -488347840.0,
        -484834530.0,
        -481371420.0,
        -477957440.0,
        -474591550.0,
        -471272740.0,
        -46800.0,
        -464772400.0,
        -461589060.0,
        -45844896.0,
        -455351360.0,
        -452295300.0,
        -44928.0,
        -446304640.0,
        -443368420.0,
        -440470600.0,
        -43761040.0,
        -434787100.0,
        -43200.0,
        -429248420.0,
        -426531650.0,
        -423849060.0,
        -42120.0
      ],
      "Voltage": -1,
      "Frequency": -1.0
    }
  ],
  "TractionCurves": [],
  "BrakingForce": 0.0,
  "BrakingPower": 0.0,
  "TractionForce": 0,
  "TractionPower": 0,
  "TractionEfficiency": 0.0,
  "BrakingEfficiency": 5.0
}