{
  "PartitionKey": "TrainUnitParameters",
  "Class": "2300",
  "BaseClassType": "2300",
  "CurveRes": 0.0,
  "Mass": 174000.0,
  "Length": 80.0,
  "DragA": 0.0,
  "DragAmass": 8232.0,
  "DragB": 0.0,
  "DragBmass": 0.0,
  "DragC": 23324.0,
  "DeltaDragC": 43782.0,
  "MaxSpeed": 444444.0,
  "RotatingMassCoefficient": 0.0,
  "NumberOfCars": 3,
  "MechanicalBraking": 0.0,
  "Type": 0,
  "Propulsion": 0,
  "ProtectionSystem": null,
  "PreferedBraking": [
    [
      0.0,
      6.0
    ]
  ],
  "BrakedWeightPercentageG": 120,
  "BrakedWeightPercentageP": 120,
  "DisplayName": "2300",
  "NumAxles": 10,
  "SupportedTypes": [],
  "MinimumCoastingSpeed": 8333.0,
  "MinimumCoastingDistance": 300,
  "IsLoco": false,
  "SpeedometerDeviation": 0.0,
  "TractionPowerMap": null,
  "BrakingPowerMap": null,
  "BrakingCurves": [
    {
      "IsMax": true,
      "IsDefault": false,
      "Forces": [
        0.0,
        -8000.0,
        -16000.0,
        -24000.0,
        -32000.0,
        -40000.0,
        -48000.0,
        -56000.0,
        -64000.0,
        -72000.0,
        -80000.0,
        -88000.0,
        -96000.0,
        -104000.0,
        -112000.0,
        -120000.0,
        -128000.0,
        -136000.0,
        -144000.0,
        -152000.0,
        -160000.0,
        -167040.0,
        -167040.0,
        -167040.0,
        -167040.0,
        -167040.0,
        -167040.0,
        -167040.0,
        -167040.0,
        -167040.0,
        -167040.0,
        -167040.0,
        -167040.0,
        -167040.0,
        -167040.0,
        -167040.0,
        -167040.0,
        -167040.0,
        -167040.0,
        -167040.0,
        -167040.0,
        -167040.0,
        -167040.0,
        -167040.0,
        -167040.0,
        -167040.0,
        -167040.0,
        -167040.0,
        -167040.0,
        -167040.0,
        -167040.0,
        -167040.0,
        -1.6615384E+09,
        -1.6301887E+09,
        -160000.0,
        -1.570909E+09,
        -1.5428571E+09,
        -1.5157894E+09,
        -1.4896552E+09,
        -146440670.0,
        -144000.0,
        -1.4163935E+09,
        -1.3935484E+09,
        -1.3714286E+09,
        -135000.0,
        -1.3292307E+09,
        -1.309091E+09,
        -1.2895523E+09,
        -1.2705883E+09,
        -1.252174E+09,
        -1.2342857E+09,
        -1.2169014E+09,
        -120000.0,
        -1.1835616E+09,
        -1.1675676E+09,
        -115200.0,
        -1.1368421E+09,
        -1.122078E+09,
        -1.1076923E+09,
        -1.0936709E+09,
        -108000.0,
        -1.0666667E+09,
        -1.05365856E+09,
        -1.04096384E+09,
        -1.02857146E+09,
        -1.0164706E+09,
        -1.00465114E+09,
        -993103400.0,
        -981818200.0,
        -970786500.0,
        -96000.0,
        -949450560.0,
        -939130430.0,
        -929032260.0,
        -919148900.0,
        -909473660.0,
        -90000.0,
        -890721660.0,
        -881632640.0,
        -872727300.0,
        -86400.0,
        -855445570.0,
        -847058800.0,
        -838834940.0,
        -830769200.0,
        -822857150.0,
        -81509430.0,
        -807476600.0,
        -80000.0,
        -79266056.0,
        -785454500.0,
        -778378400.0,
        -771428540.0,
        -76460180.0,
        -757894700.0,
        -751304300.0,
        -744827600.0,
        -738461600.0,
        -73220340.0,
        -72605040.0,
        -72000.0,
        -714049600.0,
        -708196740.0,
        -702439040.0,
        -696774200.0,
        -69120.0,
        -685714300.0,
        -680314940.0,
        -67500.0,
        -669767400.0,
        -664615360.0,
        -659542000.0,
        -654545500.0,
        -64962410.0,
        -644776100.0,
        -64000.0,
        -635294140.0,
        -630656960.0,
        -626087000.0,
        -621582700.0,
        -617142850.0,
        -612765950.0,
        -608450700.0,
        -604195800.0,
        -60000.0,
        -595862100.0,
        -591780800.0,
        -587755100.0,
        -583783800.0,
        -579865800.0,
        -57600.0,
        -57218544.0,
        -568421060.0,
        -564705860.0,
        -561039000.0,
        -557419300.0,
        -553846140.0,
        -550318460.0,
        -546835460.0,
        -543396200.0,
        -54000.0
      ],
      "Voltage": -1,
      "Frequency": -1.0
    }
  ],
  "TractionCurves": [],
  "BrakingForce": 0.0,
  "BrakingPower": 0.0,
  "TractionForce": 0,
  "TractionPower": 0,
  "TractionEfficiency": 0.0,
  "BrakingEfficiency": 5.0
}