{
  "PartitionKey": "TrainUnitParameters",
  "Class": "2400",
  "BaseClassType": "2400",
  "CurveRes": 0.0,
  "Mass": 153800.0,
  "Length": 82.0,
  "DragA": 0.0,
  "DragAmass": 0.020493055,
  "DragB": 0.0,
  "DragBmass": 0.0,
  "DragC": 2.0,
  "DeltaDragC": 3.3248117,
  "MaxSpeed": 44.444443,
  "RotatingMassCoefficient": 0.0,
  "NumberOfCars": 3,
  "MechanicalBraking": 0.0,
  "Type": 0,
  "Propulsion": 0,
  "ProtectionSystem": null,
  "PreferedBraking": [
    [
      0.0,
      0.85
    ]
  ],
  "BrakedWeightPercentageG": 125,
  "BrakedWeightPercentageP": 125,
  "DisplayName": "2400",
  "NumAxles": 12,
  "SupportedTypes": [],
  "MinimumCoastingSpeed": 8.333,
  "MinimumCoastingDistance": 300,
  "IsLoco": false,
  "SpeedometerDeviation": 0.0,
  "TractionPowerMap": null,
  "BrakingPowerMap": null,
  "BrakingCurves": [
    {
      "IsMax": true,
      "IsDefault": false,
      "Forces": [
        -130909.0,
        -130909.0,
        -130909.0,
        -130909.0,
        -130909.0,
        -130909.0,
        -130909.0,
        -130909.0,
        -130909.0,
        -130909.0,
        -130909.0,
        -130909.0,
        -130909.0,
        -130909.0,
        -130909.0,
        -130909.0,
        -130909.0,
        -130909.0,
        -130909.0,
        -130909.0,
        -130909.0,
        -130909.0,
        -130909.0,
        -130909.0,
        -130909.0,
        -130909.0,
        -130909.0,
        -130909.0,
        -130909.0,
        -130909.0,
        -130909.0,
        -130909.0,
        -130909.0,
        -130909.0,
        -130909.0,
        -130909.0,
        -130909.0,
        -130909.0,
        -130909.0,
        -130909.0,
        -130909.0,
        -130909.0,
        -130909.0,
        -130909.0,
        -130909.0,
        -130909.0,
        -130909.0,
        -130909.0,
        -130909.0,
        -130909.0,
        -130909.0,
        -130909.0,
        -130909.0,
        -130909.0,
        -130909.0,
        -130909.0,
        -130909.0,
        -130909.0,
        -130909.0,
        -130909.0,
        -130909.0,
        -130909.0,
        -130909.0,
        -130909.0,
        -130909.0,
        -130909.0,
        -130909.0,
        -130909.0,
        -130909.0,
        -130909.0,
        -130909.0,
        -130909.0,
        -130909.0,
        -130909.0,
        -130909.0,
        -130909.0,
        -130909.0,
        -130909.0,
        -130909.0,
        -130909.0,
        -130909.0,
        -130909.0,
        -130909.0,
        -130909.0,
        -130909.0,
        -130909.0,
        -130909.0,
        -130909.0,
        -130909.0,
        -130909.0,
        -130909.0,
        -130909.0,
        -130909.0,
        -130909.0,
        -130909.0,
        -130909.0,
        -130909.0,
        -130909.0,
        -130909.0,
        -130909.0,
        -130909.0,
        -130909.0,
        -130909.0,
        -130909.0,
        -130909.0,
        -130909.0,
        -130909.0,
        -130909.0,
        -130909.0,
        -130909.0,
        -130909.0,
        -129729.73,
        -128571.43,
        -127433.625,
        -126315.79,
        -125217.39,
        -124137.93,
        -123076.92,
        -122033.9,
        -121008.41,
        -120000.0,
        -119008.266,
        -118032.79,
        -117073.17,
        -116129.03,
        -115200.0,
        -114285.71,
        -113385.83,
        -112500.0,
        -111627.91,
        -110769.234,
        -109923.664,
        -109090.91,
        -108270.68,
        -107462.69,
        -106666.664,
        -105882.35,
        -105109.49,
        -104347.83,
        -103597.125,
        -102857.14,
        -102127.66,
        -101408.45,
        -100699.3,
        -100000.0,
        -99310.34,
        -98630.14,
        -97959.19,
        -97297.3,
        -96644.3,
        -96000.0,
        -95364.24,
        -94736.84,
        -94117.65,
        -93506.49,
        -92903.23,
        -92307.695,
        -91719.74,
        -91139.24,
        -90566.04,
        -90000.0
      ],
      "Voltage": -1,
      "Frequency": -1.0
    }
  ],
  "TractionCurves": [
    {
      "IsMax": true,
      "IsDefault": false,
      "Forces": [
        139976.0,
        139976.0,
        139976.0,
        139976.0,
        139976.0,
        139976.0,
        139976.0,
        139976.0,
        139976.0,
        139976.0,
        139976.0,
        139976.0,
        139976.0,
        139976.0,
        139976.0,
        139976.0,
        139976.0,
        139976.0,
        139976.0,
        139976.0,
        139976.0,
        139976.0,
        139976.0,
        139976.0,
        139976.0,
        139976.0,
        139976.0,
        139976.0,
        139976.0,
        139976.0,
        139976.0,
        139976.0,
        139976.0,
        139976.0,
        139976.0,
        139976.0,
        139976.0,
        139976.0,
        139976.0,
        139976.0,
        139976.0,
        139976.0,
        139976.0,
        139976.0,
        139976.0,
        139976.0,
        139976.0,
        139976.0,
        139976.0,
        139976.0,
        139976.0,
        139976.0,
        139976.0,
        139976.0,
        139976.0,
        139976.0,
        139976.0,
        139976.0,
        139976.0,
        139976.0,
        139976.0,
        139976.0,
        139976.0,
        139976.0,
        139976.0,
        139976.0,
        139976.0,
        139976.0,
        139976.0,
        139976.0,
        139976.0,
        139976.0,
        139298.34,
        137390.16,
        135533.53,
        133726.42,
        131966.86,
        130253.0,
        128583.09,
        126955.46,
        125368.516,
        123820.76,
        122310.75,
        120837.125,
        119398.586,
        117993.9,
        116621.875,
        115281.39,
        113971.375,
        112690.8,
        111438.68,
        110214.08,
        109016.1,
        107843.88,
        106696.61,
        105573.484,
        104473.766,
        103396.71,
        102341.65,
        101307.89,
        100294.81,
        99301.8,
        98328.25,
        97373.6,
        96437.32,
        95518.87,
        94617.75,
        93733.47,
        92865.57,
        92013.586,
        91177.1,
        90355.69,
        89548.94,
        88756.47,
        87977.91,
        87212.88,
        86461.05,
        85722.06,
        84995.6,
        84281.35,
        83579.01,
        82888.27,
        82208.86,
        81540.5,
        80882.914,
        80235.85,
        79599.055,
        78972.29,
        78355.32,
        77747.914,
        77149.85,
        76560.92,
        75980.92,
        75409.63,
        74846.875,
        74292.45,
        73746.19,
        73207.89,
        72677.4,
        72154.54,
        71639.15,
        71131.07,
        70630.15,
        70136.234,
        69649.17,
        69168.836,
        68695.08,
        68227.766,
        67766.766,
        67311.95,
        66863.21,
        66420.41,
        65983.43,
        65552.164,
        65126.5,
        64706.332,
        64291.547,
        63882.047,
        63477.73,
        63078.5,
        62684.258
      ],
      "Voltage": -1,
      "Frequency": -1.0
    }
  ],
  "BrakingForce": 0.0,
  "BrakingPower": 0.0,
  "TractionForce": 0,
  "TractionPower": 0,
  "TractionEfficiency": 0.8,
  "BrakingEfficiency": 0.72
}