{
  "PartitionKey": "TrainUnitParameters",
  "Class": "2450",
  "BaseClassType": "2450",
  "CurveRes": 0.0,
  "Mass": 298700.0,
  "Length": 161.0,
  "DragA": 0.0,
  "DragAmass": 0.016394444,
  "DragB": 0.0,
  "DragBmass": 0.0,
  "DragC": 2.0,
  "DeltaDragC": 5.0,
  "MaxSpeed": 44.444443,
  "RotatingMassCoefficient": 0.0,
  "NumberOfCars": 6,
  "MechanicalBraking": 0.0,
  "Type": 0,
  "Propulsion": 0,
  "ProtectionSystem": null,
  "PreferedBraking": [
    [
      0.0,
      0.85
    ]
  ],
  "BrakedWeightPercentageG": 125,
  "BrakedWeightPercentageP": 125,
  "DisplayName": "2450",
  "NumAxles": 24,
  "SupportedTypes": [],
  "MinimumCoastingSpeed": 8.333,
  "MinimumCoastingDistance": 300,
  "IsLoco": false,
  "SpeedometerDeviation": 0.0,
  "TractionPowerMap": null,
  "BrakingPowerMap": null,
  "BrakingCurves": [
    {
      "IsMax": true,
      "IsDefault": false,
      "Forces": [
        -261818.0,
        -261818.0,
        -261818.0,
        -261818.0,
        -261818.0,
        -261818.0,
        -261818.0,
        -261818.0,
        -261818.0,
        -261818.0,
        -261818.0,
        -261818.0,
        -261818.0,
        -261818.0,
        -261818.0,
        -261818.0,
        -261818.0,
        -261818.0,
        -261818.0,
        -261818.0,
        -261818.0,
        -261818.0,
        -261818.0,
        -261818.0,
        -261818.0,
        -261818.0,
        -261818.0,
        -261818.0,
        -261818.0,
        -261818.0,
        -261818.0,
        -261818.0,
        -261818.0,
        -261818.0,
        -261818.0,
        -261818.0,
        -261818.0,
        -261818.0,
        -261818.0,
        -261818.0,
        -261818.0,
        -261818.0,
        -261818.0,
        -261818.0,
        -261818.0,
        -261818.0,
        -261818.0,
        -261818.0,
        -261818.0,
        -261818.0,
        -261818.0,
        -261818.0,
        -261818.0,
        -261818.0,
        -261818.0,
        -261818.0,
        -261818.0,
        -261818.0,
        -261818.0,
        -261818.0,
        -261818.0,
        -261818.0,
        -261818.0,
        -261818.0,
        -261818.0,
        -261818.0,
        -261818.0,
        -261818.0,
        -261818.0,
        -261818.0,
        -261818.0,
        -261818.0,
        -261818.0,
        -261818.0,
        -261818.0,
        -261818.0,
        -261818.0,
        -261818.0,
        -261818.0,
        -261818.0,
        -261818.0,
        -261818.0,
        -261818.0,
        -261818.0,
        -261818.0,
        -261818.0,
        -261818.0,
        -261818.0,
        -261818.0,
        -261818.0,
        -261818.0,
        -261818.0,
        -261818.0,
        -261818.0,
        -261818.0,
        -261818.0,
        -261818.0,
        -261818.0,
        -261818.0,
        -261818.0,
        -261818.0,
        -261818.0,
        -261818.0,
        -261818.0,
        -261818.0,
        -261818.0,
        -261818.0,
        -261818.0,
        -261818.0,
        -261818.0,
        -261818.0,
        -259459.45,
        -257142.86,
        -254867.25,
        -252631.58,
        -250434.78,
        -248275.86,
        -246153.84,
        -244067.8,
        -242016.81,
        -240000.0,
        -238016.53,
        -236065.58,
        -234146.34,
        -232258.06,
        -230400.0,
        -228571.42,
        -226771.66,
        -225000.0,
        -223255.81,
        -221538.47,
        -219847.33,
        -218181.81,
        -216541.36,
        -214925.38,
        -213333.33,
        -211764.7,
        -210218.98,
        -208695.66,
        -207194.25,
        -205714.28,
        -204255.31,
        -202816.9,
        -201398.6,
        -200000.0,
        -198620.69,
        -197260.28,
        -195918.38,
        -194594.6,
        -193288.6,
        -192000.0,
        -190728.48,
        -189473.69,
        -188235.3,
        -187012.98,
        -185806.45,
        -184615.39,
        -183439.48,
        -182278.48,
        -181132.08,
        -180000.0
      ],
      "Voltage": -1,
      "Frequency": -1.0
    }
  ],
  "TractionCurves": [
    {
      "IsMax": true,
      "IsDefault": false,
      "Forces": [
        387692.0,
        387692.0,
        387692.0,
        387692.0,
        387692.0,
        387692.0,
        387692.0,
        387692.0,
        387692.0,
        387692.0,
        387692.0,
        387692.0,
        387692.0,
        387692.0,
        387692.0,
        387692.0,
        387692.0,
        387692.0,
        387692.0,
        387692.0,
        387692.0,
        387692.0,
        387692.0,
        387692.0,
        387692.0,
        387692.0,
        387692.0,
        387692.0,
        387692.0,
        387692.0,
        387692.0,
        387692.0,
        387692.0,
        387692.0,
        387692.0,
        387692.0,
        387692.0,
        387692.0,
        387692.0,
        387692.0,
        387692.0,
        387692.0,
        387692.0,
        387692.0,
        387692.0,
        387692.0,
        387692.0,
        387692.0,
        387692.0,
        387692.0,
        387692.0,
        387692.0,
        387692.0,
        387692.0,
        387692.0,
        387692.0,
        387692.0,
        387692.0,
        387692.0,
        387692.0,
        387692.0,
        387692.0,
        387692.0,
        387692.0,
        387692.0,
        387692.0,
        381818.2,
        376119.4,
        370588.25,
        365217.4,
        360000.0,
        354929.56,
        350000.0,
        345205.47,
        340540.53,
        336000.0,
        331578.94,
        327272.72,
        323076.94,
        318987.34,
        315000.0,
        311111.12,
        307317.06,
        303614.47,
        300000.0,
        296470.6,
        293023.25,
        289655.2,
        286363.62,
        283146.06,
        280000.0,
        276923.06,
        273913.03,
        270967.75,
        268085.1,
        265263.16,
        262500.0,
        259793.81,
        257142.86,
        254545.45,
        252000.0,
        249504.95,
        247058.83,
        244660.19,
        242307.69,
        240000.0,
        237735.84,
        235514.02,
        233333.33,
        231192.66,
        229090.9,
        227027.03,
        225000.0,
        223008.84,
        221052.62,
        219130.44,
        217241.38,
        215384.61,
        213559.33,
        211764.7,
        210000.0,
        208264.47,
        206557.38,
        204878.05,
        203225.81,
        201600.0,
        200000.0,
        198425.2,
        196875.0,
        195348.84,
        193846.16,
        192366.4,
        190909.1,
        189473.69,
        188059.7,
        186666.67,
        185294.12,
        183941.61,
        182608.7,
        181294.97,
        180000.0,
        178723.4,
        177464.78,
        176223.78,
        175000.0,
        173793.11,
        172602.73,
        171428.58,
        170270.27,
        169127.52,
        168000.0,
        166887.42,
        165789.47,
        164705.88,
        163636.36,
        162580.64,
        161538.47,
        160509.55,
        159493.67,
        158490.56,
        157500.0
      ],
      "Voltage": -1,
      "Frequency": -1.0
    }
  ],
  "BrakingForce": 0.0,
  "BrakingPower": 0.0,
  "TractionForce": 0,
  "TractionPower": 0,
  "TractionEfficiency": 0.8,
  "BrakingEfficiency": 0.72
}