{
  "PartitionKey": "TrainUnitParameters",
  "Class": "442###",
  "BaseClassType": "442###",
  "CurveRes": 0.0,
  "Mass": 202840.0,
  "Length": 115.0,
  "DragA": 0.0,
  "DragAmass": 0.0090317,
  "DragB": 0.0,
  "DragBmass": 0.0,
  "DragC": 2.3715,
  "DeltaDragC": 2.9578,
  "MaxSpeed": 44.44,
  "RotatingMassCoefficient": 0.0,
  "NumberOfCars": 5,
  "MechanicalBraking": 0.0,
  "Type": 0,
  "Propulsion": 0,
  "ProtectionSystem": null,
  "PreferedBraking": [
    [
      0.0,
      0.54476
    ]
  ],
  "BrakedWeightPercentageG": 100,
  "BrakedWeightPercentageP": 100,
  "DisplayName": "442###",
  "NumAxles": 20,
  "SupportedTypes": [
    "442###"
  ],
  "MinimumCoastingSpeed": 8.33,
  "MinimumCoastingDistance": 500,
  "IsLoco": false,
  "SpeedometerDeviation": 1.0,
  "TractionPowerMap": null,
  "BrakingPowerMap": null,
  "BrakingCurves": [
    {
      "IsMax": true,
      "IsDefault": false,
      "Forces": [
        -62293.0,
        -62293.0,
        -62293.0,
        -62293.0,
        -62293.0,
        -62293.0,
        -62293.0,
        -62293.0,
        -62293.0,
        -62293.0,
        -62293.0,
        -62293.0,
        -62293.0,
        -62293.0,
        -62293.0,
        -62293.0,
        -62293.0,
        -62293.0,
        -62293.0,
        -60405.26,
        -57385.0,
        -54652.383,
        -52168.184,
        -49900.0,
        -47820.832,
        -45908.0,
        -44142.31,
        -42507.406,
        -40989.285,
        -39575.863,
        -38256.668,
        -37022.582,
        -35865.625,
        -34778.79,
        -33755.883,
        -32791.43,
        -31880.555,
        -31018.918,
        -30202.63,
        -29428.205,
        -28692.5,
        -27992.684,
        -27326.191,
        -26690.697,
        -26084.092,
        -25504.445,
        -24950.0,
        -24419.148,
        -23910.416,
        -23422.45,
        -22954.0,
        -22503.922,
        -22071.154,
        -21654.717,
        -21253.703,
        -20867.273,
        -20494.643,
        -20135.088,
        -19787.932,
        -19452.543,
        -19128.334,
        -18814.754,
        -18511.291,
        -18217.46,
        -17932.812,
        -17656.924,
        -17389.395,
        -17129.852,
        -16877.941,
        -16633.334,
        -16395.715,
        -16164.789,
        -15940.277,
        -15721.918,
        -15509.459,
        -15302.667,
        -15101.315,
        -14905.194,
        -14714.103,
        -14527.848,
        -14346.25,
        -14169.136,
        -13996.342,
        -13827.711,
        -13663.096,
        -13502.353,
        -13345.349,
        -13191.954,
        -13042.046,
        -12895.506,
        -12752.223,
        -12612.088,
        -12475.0,
        -12340.86,
        -12209.574,
        -12081.053,
        -11955.208,
        -11831.959,
        -11711.225,
        -11592.93,
        -11477.0,
        -11363.366,
        -11251.961,
        -11142.719,
        -11035.577,
        -10930.477,
        -10827.358,
        -10726.168,
        -10626.852,
        -10529.357,
        -10433.637,
        -10339.64,
        -10247.321,
        -10156.637,
        -10067.544,
        -9980.0,
        -9893.966,
        -9809.401,
        -9726.271,
        -9644.538,
        -9564.167,
        -9485.124,
        -9407.377,
        -9330.895,
        -9255.6455,
        -9181.6,
        -9108.73,
        -9037.008,
        -8966.406,
        -8896.899,
        -8828.462,
        -8761.068,
        -8694.697,
        -8629.323,
        -8564.926,
        -8501.481,
        -8438.971,
        -8377.372,
        -8316.667,
        -8256.835,
        -8197.857,
        -8139.7163,
        -8082.3945,
        -8025.874,
        -7970.1387,
        -7915.1724,
        -7860.959,
        -7807.483,
        -7754.7295,
        -7702.6846,
        -7651.3335,
        -7600.662,
        -7550.6577,
        -7501.307,
        -7452.597,
        -7404.516,
        -7357.0513,
        -7310.191,
        -7263.924,
        -7218.239,
        -7173.125
      ],
      "Voltage": -1,
      "Frequency": -1.0
    }
  ],
  "TractionCurves": [
    {
      "IsMax": true,
      "IsDefault": false,
      "Forces": [
        62293.0,
        62293.0,
        62293.0,
        62293.0,
        62293.0,
        62293.0,
        62293.0,
        62293.0,
        62293.0,
        62293.0,
        62293.0,
        62293.0,
        62293.0,
        62293.0,
        62293.0,
        62293.0,
        62293.0,
        62293.0,
        62293.0,
        62293.0,
        62293.0,
        62293.0,
        62293.0,
        62293.0,
        62293.0,
        62293.0,
        62293.0,
        62293.0,
        62293.0,
        62293.0,
        62293.0,
        62293.0,
        62293.0,
        62293.0,
        62293.0,
        62293.0,
        62293.0,
        62293.0,
        62293.0,
        62293.0,
        62293.0,
        62293.0,
        62293.0,
        62293.0,
        62293.0,
        62293.0,
        62293.0,
        62293.0,
        62293.0,
        62293.0,
        62293.0,
        62293.0,
        62293.0,
        62293.0,
        62293.0,
        62293.0,
        62293.0,
        62293.0,
        62293.0,
        62293.0,
        62293.0,
        62293.0,
        62293.0,
        62293.0,
        62293.0,
        62293.0,
        62293.0,
        61667.465,
        60760.586,
        59880.0,
        59024.57,
        58193.24,
        57384.996,
        56598.902,
        55834.05,
        55089.6,
        54364.734,
        53658.7,
        52970.77,
        52300.25,
        51646.5,
        51008.887,
        50386.83,
        49779.758,
        49187.145,
        48608.47,
        48043.254,
        47491.035,
        46951.363,
        46423.82,
        45908.0,
        45403.516,
        44910.0,
        44427.098,
        43954.465,
        43491.79,
        43038.746,
        42595.05,
        42160.406,
        41734.547,
        41317.2,
        40908.117,
        40507.06,
        40113.785,
        39728.08,
        39349.715,
        38978.49,
        38614.203,
        38256.664,
        37905.688,
        37561.09,
        37222.703,
        36890.355,
        36563.89,
        36243.156,
        35928.0,
        35618.277,
        35313.844,
        35014.58,
        34720.336,
        34431.0,
        34146.445,
        33866.555,
        33591.22,
        33320.324,
        33053.758,
        32791.43,
        32533.227,
        32279.062,
        32028.838,
        31782.463,
        31539.846,
        31300.91,
        31065.562,
        30833.732,
        30605.332,
        30380.293,
        30158.54,
        29940.0,
        29724.605,
        29512.285,
        29302.979,
        29096.62,
        28893.146,
        28692.498,
        28494.62,
        28299.451,
        28106.938,
        27917.025,
        27729.664,
        27544.8,
        27362.383,
        27182.367,
        27004.705,
        26829.35,
        26656.258,
        26485.385,
        26316.688,
        26150.125,
        25985.658,
        25823.25,
        25662.855
      ],
      "Voltage": -1,
      "Frequency": -1.0
    }
  ],
  "BrakingForce": 0.0,
  "BrakingPower": 0.0,
  "TractionForce": 0,
  "TractionPower": 0,
  "TractionEfficiency": 0.8,
  "BrakingEfficiency": 0.75
}