{
  "PartitionKey": "TrainUnitParameters",
  "Class": "444###",
  "BaseClassType": "444###",
  "CurveRes": 0.0,
  "Mass": 227000.0,
  "Length": 115.0,
  "DragA": 0.0,
  "DragAmass": 0.010286,
  "DragB": 0.0,
  "DragBmass": 0.0,
  "DragC": 2.3715,
  "DeltaDragC": 6.1599,
  "MaxSpeed": 44.44,
  "RotatingMassCoefficient": 0.0,
  "NumberOfCars": 5,
  "MechanicalBraking": 0.0,
  "Type": 0,
  "Propulsion": 0,
  "ProtectionSystem": null,
  "PreferedBraking": [
    [
      0.0,
      0.55066
    ]
  ],
  "BrakedWeightPercentageG": 100,
  "BrakedWeightPercentageP": 100,
  "DisplayName": "444###",
  "NumAxles": 20,
  "SupportedTypes": [
    "444###",
    "450###"
  ],
  "MinimumCoastingSpeed": 8.33,
  "MinimumCoastingDistance": 500,
  "IsLoco": false,
  "SpeedometerDeviation": 1.0,
  "TractionPowerMap": null,
  "BrakingPowerMap": null,
  "BrakingCurves": [
    {
      "IsMax": true,
      "IsDefault": false,
      "Forces": [
        -62225.0,
        -62225.0,
        -62225.0,
        -62225.0,
        -62225.0,
        -62225.0,
        -62225.0,
        -62225.0,
        -62225.0,
        -62225.0,
        -62225.0,
        -62225.0,
        -62225.0,
        -62225.0,
        -62225.0,
        -62225.0,
        -62225.0,
        -62225.0,
        -62225.0,
        -61764.42,
        -58676.2,
        -55882.094,
        -53342.0,
        -51022.78,
        -48896.832,
        -46940.96,
        -45135.54,
        -43463.85,
        -41911.57,
        -40466.344,
        -39117.465,
        -37855.613,
        -36672.625,
        -35561.332,
        -34515.41,
        -33529.258,
        -32597.889,
        -31716.865,
        -30882.21,
        -30090.36,
        -29338.1,
        -28622.537,
        -27941.047,
        -27291.256,
        -26671.0,
        -26078.31,
        -25511.39,
        -24968.596,
        -24448.416,
        -23949.469,
        -23470.48,
        -23010.275,
        -22567.77,
        -22141.963,
        -21731.926,
        -21336.8,
        -20955.785,
        -20588.14,
        -20233.172,
        -19890.236,
        -19558.732,
        -19238.098,
        -18927.807,
        -18627.365,
        -18336.312,
        -18054.215,
        -17780.666,
        -17515.283,
        -17257.705,
        -17007.594,
        -16764.629,
        -16528.508,
        -16298.944,
        -16075.671,
        -15858.433,
        -15646.986,
        -15441.105,
        -15240.571,
        -15045.18,
        -14854.734,
        -14669.05,
        -14487.95,
        -14311.269,
        -14138.844,
        -13970.523,
        -13806.165,
        -13645.628,
        -13488.781,
        -13335.5,
        -13185.663,
        -13039.155,
        -12895.868,
        -12755.695,
        -12618.538,
        -12484.298,
        -12352.884,
        -12224.208,
        -12098.186,
        -11974.734,
        -11853.777,
        -11735.24,
        -11619.05,
        -11505.138,
        -11393.437,
        -11283.885,
        -11176.419,
        -11070.981,
        -10967.514,
        -10865.963,
        -10766.275,
        -10668.4,
        -10572.288,
        -10477.893,
        -10385.168,
        -10294.07,
        -10204.557,
        -10116.586,
        -10030.12,
        -9945.118,
        -9861.546,
        -9779.366,
        -9698.546,
        -9619.049,
        -9540.846,
        -9463.903,
        -9388.192,
        -9313.683,
        -9240.347,
        -9168.156,
        -9097.085,
        -9027.107,
        -8958.198,
        -8890.333,
        -8823.488,
        -8757.642,
        -8692.7705,
        -8628.853,
        -8565.868,
        -8503.797,
        -8442.619,
        -8382.314,
        -8322.865,
        -8264.254,
        -8206.462,
        -8149.472,
        -8093.269,
        -8037.8354,
        -7983.1562,
        -7929.2163,
        -7876.0,
        -7823.493,
        -7771.682,
        -7720.5527,
        -7670.0913,
        -7620.2856,
        -7571.1226,
        -7522.59,
        -7474.6753,
        -7427.367,
        -7380.6543,
        -7334.525
      ],
      "Voltage": -1,
      "Frequency": -1.0
    }
  ],
  "TractionCurves": [
    {
      "IsMax": true,
      "IsDefault": false,
      "Forces": [
        62225.0,
        62225.0,
        62225.0,
        62225.0,
        62225.0,
        62225.0,
        62225.0,
        62225.0,
        62225.0,
        62225.0,
        62225.0,
        62225.0,
        62225.0,
        62225.0,
        62225.0,
        62225.0,
        62225.0,
        62225.0,
        62225.0,
        62225.0,
        62225.0,
        62225.0,
        62225.0,
        62225.0,
        62225.0,
        62225.0,
        62225.0,
        62225.0,
        62225.0,
        62225.0,
        62225.0,
        62225.0,
        62225.0,
        62225.0,
        62225.0,
        62225.0,
        62225.0,
        62225.0,
        62225.0,
        62225.0,
        62225.0,
        62225.0,
        62225.0,
        62225.0,
        62225.0,
        62225.0,
        62225.0,
        62225.0,
        62225.0,
        62225.0,
        62225.0,
        62225.0,
        62225.0,
        62225.0,
        62225.0,
        62225.0,
        62225.0,
        62225.0,
        62225.0,
        62225.0,
        62225.0,
        62225.0,
        62225.0,
        62225.0,
        62225.0,
        62225.0,
        62225.0,
        62225.0,
        62127.74,
        61227.336,
        60352.664,
        59502.625,
        58676.2,
        57872.414,
        57090.355,
        56329.15,
        55587.977,
        54866.055,
        54162.645,
        53477.043,
        52808.58,
        52156.62,
        51520.566,
        50899.836,
        50293.883,
        49702.19,
        49124.258,
        48559.61,
        48007.797,
        47468.387,
        46940.957,
        46425.125,
        45920.5,
        45426.734,
        44943.473,
        44470.38,
        44007.15,
        43553.47,
        43109.043,
        42673.598,
        42246.863,
        41828.58,
        41418.496,
        41016.37,
        40621.984,
        40235.105,
        39855.53,
        39483.047,
        39117.465,
        38758.59,
        38406.242,
        38060.234,
        37720.414,
        37386.605,
        37058.652,
        36736.402,
        36419.707,
        36108.43,
        35802.426,
        35501.562,
        35205.72,
        34914.766,
        34628.574,
        34347.043,
        34070.05,
        33797.492,
        33529.258,
        33265.246,
        33005.363,
        32749.506,
        32497.586,
        32249.514,
        32005.197,
        31764.557,
        31527.51,
        31293.973,
        31063.87,
        30837.125,
        30613.668,
        30393.428,
        30176.332,
        29962.314,
        29751.312,
        29543.262,
        29338.1,
        29135.768,
        28936.207,
        28739.361,
        28545.178,
        28353.6,
        28164.574,
        27978.055,
        27793.988,
        27612.328,
        27433.027,
        27256.041,
        27081.322,
        26908.83,
        26738.521,
        26570.355,
        26404.29,
        26240.287
      ],
      "Voltage": -1,
      "Frequency": -1.0
    }
  ],
  "BrakingForce": 0.0,
  "BrakingPower": 0.0,
  "TractionForce": 0,
  "TractionPower": 0,
  "TractionEfficiency": 0.8,
  "BrakingEfficiency": 0.75
}