{
  "PartitionKey": "TrainUnitParameters",
  "Class": "458###",
  "BaseClassType": "458###",
  "CurveRes": 0.0,
  "Mass": 164300.0,
  "Length": 104.5,
  "DragA": 0.0,
  "DragAmass": 0.016433,
  "DragB": 0.0,
  "DragBmass": 0.0,
  "DragC": 5.800144,
  "DeltaDragC": 1.172,
  "MaxSpeed": 40.23,
  "RotatingMassCoefficient": 0.0,
  "NumberOfCars": 5,
  "MechanicalBraking": 0.0,
  "Type": 0,
  "Propulsion": 0,
  "ProtectionSystem": null,
  "PreferedBraking": [
    [
      0.0,
      0.28606
    ]
  ],
  "BrakedWeightPercentageG": 100,
  "BrakedWeightPercentageP": 100,
  "DisplayName": "458###",
  "NumAxles": 20,
  "SupportedTypes": [
    "458###"
  ],
  "MinimumCoastingSpeed": 8.33,
  "MinimumCoastingDistance": 500,
  "IsLoco": false,
  "SpeedometerDeviation": 1.0,
  "TractionPowerMap": null,
  "BrakingPowerMap": null,
  "BrakingCurves": [
    {
      "IsMax": true,
      "IsDefault": false,
      "Forces": [
        -43200.0,
        -43200.0,
        -43200.0,
        -43200.0,
        -43200.0,
        -43200.0,
        -43200.0,
        -43200.0,
        -43200.0,
        -43200.0,
        -43200.0,
        -43200.0,
        -43200.0,
        -43200.0,
        -43200.0,
        -43200.0,
        -43200.0,
        -43200.0,
        -43200.0,
        -43200.0,
        -43200.0,
        -43200.0,
        -43200.0,
        -43200.0,
        -43200.0,
        -42000.0,
        -40384.617,
        -38888.89,
        -37500.0,
        -36206.9,
        -35000.0,
        -33870.97,
        -32812.5,
        -31818.182,
        -30882.354,
        -30000.0,
        -29166.666,
        -28378.379,
        -27631.578,
        -26923.076,
        -26250.0,
        -25609.756,
        -25000.0,
        -24418.605,
        -23863.637,
        -23333.334,
        -22826.088,
        -22340.426,
        -21875.0,
        -21428.572,
        -21000.0,
        -20588.234,
        -20192.309,
        -19811.32,
        -19444.445,
        -19090.908,
        -18750.0,
        -18421.053,
        -18103.45,
        -17796.61,
        -17500.0,
        -17213.115,
        -16935.484,
        -16666.666,
        -16406.25,
        -16153.846,
        -15909.091,
        -15671.642,
        -15441.177,
        -15217.392,
        -15000.0,
        -14788.732,
        -14583.333,
        -14383.562,
        -14189.189,
        -14000.0,
        -13815.789,
        -13636.363,
        -13461.538,
        -13291.14,
        -13125.0,
        -12962.963,
        -12804.878,
        -12650.603,
        -12500.0,
        -12352.941,
        -12209.303,
        -12068.966,
        -11931.818,
        -11797.753,
        -11666.667,
        -11538.462,
        -11413.044,
        -11290.322,
        -11170.213,
        -11052.632,
        -10937.5,
        -10824.742,
        -10714.286,
        -10606.061,
        -10500.0,
        -10396.04,
        -10294.117,
        -10194.175,
        -10096.154,
        -10000.0,
        -9905.66,
        -9813.084,
        -9722.223,
        -9633.027,
        -9545.454,
        -9459.459,
        -9375.0,
        -9292.035,
        -9210.526,
        -9130.435,
        -9051.725,
        -8974.359,
        -8898.305,
        -8823.529,
        -8750.0,
        -8677.686,
        -8606.558,
        -8536.585,
        -8467.742,
        -8400.0,
        -8333.333,
        -8267.717,
        -8203.125,
        -8139.5347,
        -8076.923,
        -8015.267,
        -7954.5454,
        -7894.737,
        -7835.821,
        -7777.778,
        -7720.5884,
        -7664.2334,
        -7608.696,
        -7553.957,
        -7500.0,
        -7446.8086,
        -7394.366,
        -7342.657,
        -7291.6665,
        -7241.3794
      ],
      "Voltage": -1,
      "Frequency": -1.0
    }
  ],
  "TractionCurves": [
    {
      "IsMax": true,
      "IsDefault": false,
      "Forces": [
        43200.0,
        43200.0,
        43200.0,
        43200.0,
        43200.0,
        43200.0,
        43200.0,
        43200.0,
        43200.0,
        43200.0,
        43200.0,
        43200.0,
        43200.0,
        43200.0,
        43200.0,
        43200.0,
        43200.0,
        43200.0,
        43200.0,
        43200.0,
        43200.0,
        43200.0,
        43200.0,
        43200.0,
        43200.0,
        43200.0,
        43200.0,
        43200.0,
        43200.0,
        43200.0,
        43200.0,
        43200.0,
        43200.0,
        43200.0,
        43200.0,
        43200.0,
        43200.0,
        43200.0,
        43200.0,
        43200.0,
        43200.0,
        43200.0,
        43200.0,
        43200.0,
        43200.0,
        43200.0,
        43200.0,
        43200.0,
        43200.0,
        43200.0,
        43200.0,
        43200.0,
        43200.0,
        43200.0,
        43200.0,
        43200.0,
        43200.0,
        43200.0,
        43200.0,
        43200.0,
        43200.0,
        43200.0,
        43200.0,
        43200.0,
        43200.0,
        43200.0,
        43200.0,
        43200.0,
        43200.0,
        43200.0,
        43200.0,
        43200.0,
        43200.0,
        43200.0,
        43200.0,
        43200.0,
        43200.0,
        43200.0,
        43200.0,
        43200.0,
        43200.0,
        43200.0,
        43200.0,
        43200.0,
        43200.0,
        43200.0,
        43200.0,
        43200.0,
        42954.547,
        42471.91,
        42000.0,
        41538.46,
        41086.957,
        40645.16,
        40212.766,
        39789.473,
        39375.0,
        38969.07,
        38571.43,
        38181.816,
        37800.0,
        37425.742,
        37058.82,
        36699.027,
        36346.156,
        36000.0,
        35660.375,
        35327.1,
        35000.0,
        34678.9,
        34363.633,
        34054.05,
        33750.0,
        33451.324,
        33157.895,
        32869.562,
        32586.207,
        32307.693,
        32033.896,
        31764.705,
        31500.0,
        31239.668,
        30983.607,
        30731.705,
        30483.871,
        30240.0,
        29999.998,
        29763.78,
        29531.25,
        29302.324,
        29076.922,
        28854.96,
        28636.363,
        28421.053,
        28208.955,
        28000.0,
        27794.117,
        27591.24,
        27391.305,
        27194.244,
        27000.0,
        26808.51,
        26619.717,
        26433.564,
        26249.998,
        26068.965,
        25890.41
      ],
      "Voltage": -1,
      "Frequency": -1.0
    }
  ],
  "BrakingForce": 0.0,
  "BrakingPower": 0.0,
  "TractionForce": 0,
  "TractionPower": 0,
  "TractionEfficiency": 0.8,
  "BrakingEfficiency": 0.75
}