{
  "PartitionKey": "TrainUnitParameters",
  "Class": "AM08",
  "BaseClassType": "AM08",
  "CurveRes": 0.0,
  "Mass": 146800.0,
  "Length": 79.9,
  "DragA": 0.0,
  "DragAmass": 0.045567714,
  "DragB": 0.0,
  "DragBmass": 0.0,
  "DragC": 1.5,
  "DeltaDragC": 2.669573,
  "MaxSpeed": 44.444443,
  "RotatingMassCoefficient": 0.0,
  "NumberOfCars": 3,
  "MechanicalBraking": 0.0,
  "Type": 0,
  "Propulsion": 0,
  "ProtectionSystem": null,
  "PreferedBraking": [
    [
      0.0,
      0.85
    ]
  ],
  "BrakedWeightPercentageG": 144,
  "BrakedWeightPercentageP": 144,
  "DisplayName": "AM08",
  "NumAxles": 12,
  "SupportedTypes": [],
  "MinimumCoastingSpeed": 8.333,
  "MinimumCoastingDistance": 300,
  "IsLoco": false,
  "SpeedometerDeviation": 0.0,
  "TractionPowerMap": null,
  "BrakingPowerMap": null,
  "BrakingCurves": [
    {
      "IsMax": true,
      "IsDefault": false,
      "Forces": [
        0.0,
        -32931.11,
        -65862.22,
        -98793.336,
        -131724.44,
        -164655.56,
        -164656.0,
        -164656.0,
        -164656.0,
        -164656.0,
        -164656.0,
        -164656.0,
        -164656.0,
        -164656.0,
        -164656.0,
        -164656.0,
        -164656.0,
        -164656.0,
        -164656.0,
        -164656.0,
        -164656.0,
        -164656.0,
        -164656.0,
        -164656.0,
        -164656.0,
        -164656.0,
        -164656.0,
        -164656.0,
        -164656.0,
        -164656.0,
        -164656.0,
        -164656.0,
        -164656.0,
        -164656.0,
        -164656.0,
        -164656.0,
        -164656.0,
        -164656.0,
        -164656.0,
        -164656.0,
        -164656.0,
        -164656.0,
        -164656.0,
        -164656.0,
        -164656.0,
        -164656.0,
        -164656.0,
        -164656.0,
        -163591.42,
        -160252.83,
        -157047.77,
        -153968.4,
        -151007.47,
        -148158.27,
        -145414.6,
        -142770.7,
        -140221.22,
        -137761.2,
        -135386.0,
        -133091.33,
        -130873.14,
        -128727.68,
        -126651.43,
        -124641.086,
        -122693.57,
        -120805.98,
        -118975.58,
        -117199.83,
        -115476.3,
        -113802.73,
        -112176.98,
        -110597.02,
        -109060.95,
        -107566.96,
        -106113.36,
        -104698.516,
        -103320.9,
        -101979.07,
        -100671.65,
        -99397.32,
        -98154.85,
        -96943.07,
        -95760.836,
        -94607.086,
        -93480.81,
        -92381.04,
        -91306.84,
        -90257.336,
        -89231.69,
        -88229.086,
        -87248.76,
        -86289.984,
        -85352.05,
        -84434.28,
        -83536.05,
        -82656.72,
        -81795.71,
        -80952.46,
        -80126.414,
        -79317.055,
        -78523.88,
        -77746.42,
        -76984.2,
        -76236.78,
        -75503.734,
        -74784.65,
        -74079.13,
        -73386.805,
        -72707.3,
        -72040.26,
        -71385.35,
        -70742.234,
        -70110.61,
        -69490.164,
        -68880.6,
        -68281.64,
        -67693.0,
        -67114.43,
        -66545.664,
        -65986.46,
        -65436.57,
        -64895.773,
        -64363.84,
        -63840.555,
        -63325.715,
        -62819.105,
        -62320.543,
        -61829.83,
        -61346.785,
        -60871.227,
        -60402.99,
        -59941.895,
        -59487.79,
        -59040.516,
        -58599.914,
        -58165.84,
        -57738.15,
        -57316.703,
        -56901.363,
        -56492.004,
        -56088.49,
        -55690.7,
        -55298.51,
        -54911.81,
        -54530.477,
        -54154.402,
        -53783.48,
        -53417.61,
        -53056.68,
        -52700.594,
        -52349.258,
        -52002.57,
        -51660.45,
        -51322.8,
        -50989.535,
        -50660.57,
        -50335.824,
        -50015.21,
        -49698.66,
        -49386.09,
        -49077.426
      ],
      "Voltage": -1,
      "Frequency": -1.0
    }
  ],
  "TractionCurves": [
    {
      "IsMax": true,
      "IsDefault": false,
      "Forces": [
        164656.0,
        164656.0,
        164656.0,
        164656.0,
        164656.0,
        164656.0,
        164656.0,
        164656.0,
        164656.0,
        164656.0,
        164656.0,
        164656.0,
        164656.0,
        164656.0,
        164656.0,
        164656.0,
        164656.0,
        164656.0,
        164656.0,
        164656.0,
        164656.0,
        164656.0,
        164656.0,
        164656.0,
        164656.0,
        164656.0,
        164656.0,
        164656.0,
        164656.0,
        164656.0,
        164656.0,
        164656.0,
        164656.0,
        164656.0,
        164656.0,
        164656.0,
        164656.0,
        164656.0,
        164656.0,
        164656.0,
        164656.0,
        164656.0,
        164656.0,
        164656.0,
        164656.0,
        164656.0,
        164656.0,
        164656.0,
        163591.42,
        160252.83,
        157047.77,
        153968.4,
        151007.47,
        148158.27,
        145414.6,
        142770.7,
        140221.22,
        137761.2,
        135386.0,
        133091.33,
        130873.14,
        128727.68,
        126651.43,
        124641.086,
        122693.57,
        120805.98,
        118975.58,
        117199.83,
        115476.3,
        113802.73,
        112176.98,
        110597.02,
        109060.95,
        107566.96,
        106113.36,
        104698.516,
        103320.9,
        101979.07,
        100671.65,
        99397.32,
        98154.85,
        96943.07,
        95760.836,
        94607.086,
        93480.81,
        92381.04,
        91306.84,
        90257.336,
        89231.69,
        88229.086,
        87248.76,
        86289.984,
        85352.05,
        84434.28,
        83536.05,
        82656.72,
        81795.71,
        80952.46,
        80126.414,
        79317.055,
        78523.88,
        77746.42,
        76984.2,
        76236.78,
        75503.734,
        74784.65,
        74079.13,
        73386.805,
        72707.3,
        72040.26,
        71385.35,
        70742.234,
        70110.61,
        69490.164,
        68880.6,
        68281.64,
        67693.0,
        67114.43,
        66545.664,
        65986.46,
        65436.57,
        64895.773,
        64363.84,
        63840.555,
        63325.715,
        62819.105,
        62320.543,
        61829.83,
        61346.785,
        60871.227,
        60402.99,
        59941.895,
        59487.79,
        59040.516,
        58599.914,
        58165.84,
        57738.15,
        57316.703,
        56901.363,
        56492.004,
        56088.49,
        55690.7,
        55298.51,
        54911.81,
        54530.477,
        54154.402,
        53783.48,
        53417.61,
        53056.68,
        52700.594,
        52349.258,
        52002.57,
        51660.45,
        51322.8,
        50989.535,
        50660.57,
        50335.824,
        50015.21,
        49698.66,
        49386.09,
        49077.426
      ],
      "Voltage": -1,
      "Frequency": -1.0
    }
  ],
  "BrakingForce": 0.0,
  "BrakingPower": 0.0,
  "TractionForce": 0,
  "TractionPower": 0,
  "TractionEfficiency": 0.8,
  "BrakingEfficiency": 0.7
}