{
  "PartitionKey": "TrainUnitParameters",
  "Class": "CoradiaStream5WithoutPowerMaps",
  "BaseClassType": "CoradiaStream",
  "CurveRes": 0.0,
  "Mass": 221730.0,
  "Length": 109.0,
  "DragA": 0.0,
  "DragAmass": 0.0047039194,
  "DragB": 52.2,
  "DragBmass": 0.0,
  "DragC": 1.4724,
  "DeltaDragC": 4.82616,
  "MaxSpeed": 55.5556,
  "RotatingMassCoefficient": 0.0,
  "NumberOfCars": 5,
  "MechanicalBraking": 0.0,
  "Type": 0,
  "Propulsion": 0,
  "ProtectionSystem": null,
  "PreferedBraking": [
    [
      0.0,
      0.7
    ]
  ],
  "BrakedWeightPercentageG": 115,
  "BrakedWeightPercentageP": 115,
  "DisplayName": "Alstom Coradia Stream HC 5-Vogne til DSB",
  "NumAxles": 10,
  "SupportedTypes": [
    "CoradiaStream"
  ],
  "MinimumCoastingSpeed": 11.1111,
  "MinimumCoastingDistance": 100,
  "IsLoco": false,
  "SpeedometerDeviation": 1.0,
  "TractionPowerMap": null,
  "BrakingPowerMap": null,
  "BrakingCurves": [
    {
      "IsMax": true,
      "IsDefault": false,
      "Forces": [
        -191528.47,
        -191521.25,
        -191526.47,
        -191527.02,
        -191527.22,
        -191527.31,
        -191527.36,
        -191527.4,
        -191527.42,
        -191527.44,
        -191527.44,
        -191527.45,
        -191527.45,
        -191527.45,
        -191527.45,
        -191527.45,
        -191527.45,
        -191527.45,
        -191527.45,
        -191527.44,
        -191527.44,
        -191527.44,
        -191527.44,
        -191527.42,
        -191527.42,
        -191527.4,
        -191527.4,
        -191527.4,
        -191527.39,
        -191527.39,
        -191527.38,
        -191527.38,
        -191527.36,
        -191527.36,
        -191527.34,
        -191527.34,
        -191527.34,
        -191527.33,
        -191527.33,
        -191527.31,
        -191527.3,
        -191527.3,
        -191527.28,
        -191527.28,
        -191527.27,
        -191527.27,
        -191527.25,
        -191527.25,
        -191527.23,
        -191527.23,
        -191527.22,
        -191527.2,
        -191527.2,
        -191527.19,
        -191527.19,
        -191527.17,
        -191527.17,
        -191527.16,
        -191527.14,
        -191527.14,
        -191527.12,
        -191527.12,
        -191527.11,
        -191527.1,
        -191527.1,
        -191527.08,
        -191527.06,
        -191527.06,
        -191527.05,
        -191527.03,
        -191527.03,
        -191527.02,
        -191527.0,
        -191527.0,
        -191526.98,
        -191526.97,
        -191526.97,
        -191526.95,
        -191526.94,
        -191526.94,
        -191526.92,
        -191526.9,
        -191526.9,
        -191526.89,
        -191526.88,
        -191526.88,
        -191526.86,
        -191526.84,
        -191526.83,
        -191526.83,
        -191526.81,
        -191526.8,
        -191526.78,
        -191526.78,
        -191526.77,
        -191526.75,
        -191526.73,
        -191526.73,
        -191526.72,
        -191526.7,
        -191526.69,
        -191526.69,
        -191526.67,
        -191526.66,
        -191526.64,
        -191526.62,
        -191526.62,
        -191523.2,
        -191522.69,
        -191522.22,
        -191521.77,
        -191521.3,
        -191520.84,
        -191523.1,
        -191522.77,
        -191525.22,
        -191524.73,
        -191524.39,
        -191524.1,
        -191523.81,
        -191523.56,
        -191523.31,
        -191524.7,
        -191524.5,
        -191369.75,
        -190585.12,
        -189811.45,
        -189049.75,
        -188299.98,
        -187561.89,
        -186835.16,
        -186020.94,
        -184611.55,
        -183223.36,
        -181855.89,
        -180510.81,
        -179183.45,
        -177875.47,
        -176586.42,
        -175316.05,
        -174063.64,
        -172829.03,
        -171611.83,
        -170411.64,
        -169228.12,
        -168060.94,
        -166909.72,
        -165774.19,
        -164653.97,
        -163548.8,
        -162459.86,
        -161383.89,
        -160322.08,
        -159274.16,
        -158240.08,
        -157219.11,
        -156211.2,
        -155216.16,
        -154233.69,
        -153263.58,
        -152305.6,
        -151359.5,
        -150425.1,
        -149503.16,
        -148591.48,
        -147690.86,
        -146801.08,
        -145921.95,
        -145053.28,
        -144194.89,
        -143346.6,
        -142508.22,
        -141679.78,
        -140861.47,
        -140051.86,
        -139251.48,
        -138460.2,
        -137677.86,
        -136904.31,
        -136139.38,
        -135383.56,
        -134635.52,
        -133895.67,
        -133163.92,
        -132440.11,
        -131724.11,
        -131016.336,
        -130315.625,
        -129622.37,
        -128816.2,
        -127425.4,
        -126114.49,
        -124763.21,
        -123528.25,
        -122231.36,
        -120973.55,
        -119735.21,
        -118593.88,
        -117394.5,
        -116213.46,
        -115059.81
      ],
      "Voltage": 25000,
      "Frequency": 50.0
    }
  ],
  "TractionCurves": [
    {
      "IsMax": true,
      "IsDefault": false,