{
  "PartitionKey": "TrainUnitParameters",
  "Class": "4403##",
  "BaseClassType": "440###",
  "CurveRes": 0.0,
  "Mass": 116300.0,
  "Length": 57.8,
  "DragA": 0.0,
  "DragAmass": 0.0093809,
  "DragB": 0.0,
  "DragBmass": 0.0,
  "DragC": 1.4724,
  "DeltaDragC": 3.6141,
  "MaxSpeed": 44.4444,
  "RotatingMassCoefficient": 0.0,
  "NumberOfCars": 3,
  "MechanicalBraking": 0.0,
  "Type": 0,
  "Propulsion": 0,
  "ProtectionSystem": null,
  "PreferedBraking": [
    [
      0.0,
      0.6
    ]
  ],
  "BrakedWeightPercentageG": 115,
  "BrakedWeightPercentageP": 115,
  "DisplayName": "Coradia Continental 3-Teiler",
  "NumAxles": 8,
  "SupportedTypes": [
    "440###"
  ],
  "MinimumCoastingSpeed": 11.11111,
  "MinimumCoastingDistance": 100,
  "IsLoco": false,
  "SpeedometerDeviation": 0.97,
  "TractionPowerMap": null,
  "BrakingPowerMap": null,
  "BrakingCurves": [
    {
      "IsMax": true,
      "IsDefault": false,
      "Forces": [
        -27000.0,
        -27000.0,
        -54000.0,
        -75000.0,
        -75000.0,
        -75000.0,
        -75000.0,
        -75000.0,
        -75000.0,
        -75000.0,
        -75000.0,
        -75000.0,
        -75000.0,
        -75000.0,
        -75000.0,
        -75000.0,
        -75000.0,
        -75000.0,
        -75000.0,
        -75000.0,
        -75000.0,
        -75000.0,
        -75000.0,
        -75000.0,
        -75000.0,
        -75000.0,
        -75000.0,
        -75000.0,
        -75000.0,
        -72413.8,
        -70000.0,
        -67741.94,
        -65625.0,
        -63636.363,
        -61764.707,
        -60000.0,
        -58333.332,
        -56756.758,
        -55263.156,
        -53846.152,
        -52500.0,
        -51219.51,
        -50000.0,
        -48837.21,
        -47727.273,
        -46666.668,
        -45652.176,
        -44680.85,
        -43750.0,
        -42857.145,
        -42000.0,
        -41176.47,
        -40384.617,
        -39622.64,
        -38888.89,
        -38181.816,
        -37500.0,
        -36842.105,
        -36206.9,
        -35593.22,
        -35000.0,
        -34426.23,
        -33870.97,
        -33333.332,
        -32812.5,
        -32307.691,
        -31818.182,
        -31343.283,
        -30882.354,
        -30434.783,
        -30000.0,
        -29577.465,
        -29166.666,
        -28767.123,
        -28378.379,
        -28000.0,
        -27631.578,
        -27272.727,
        -26923.076,
        -26582.28,
        -26250.0,
        -25925.926,
        -25609.756,
        -25301.205,
        -25000.0,
        -24705.883,
        -24418.605,
        -24137.932,
        -23863.637,
        -23595.506,
        -23333.334,
        -23076.924,
        -22826.088,
        -22580.645,
        -22340.426,
        -22105.264,
        -21875.0,
        -21649.484,
        -21428.572,
        -21212.121,
        -21000.0,
        -20792.08,
        -20588.234,
        -20388.35,
        -20192.309,
        -20000.0,
        -19811.32,
        -19626.168,
        -19444.445,
        -19266.055,
        -19090.908,
        -18918.918,
        -18750.0,
        -18584.07,
        -18421.053,
        -18260.87,
        -18103.45,
        -17948.719,
        -17796.61,
        -17647.059,
        -17500.0,
        -17355.371,
        -17213.115,
        -17073.17,
        -16935.484,
        -16800.0,
        -16666.666,
        -16535.434,
        -16406.25,
        -16279.069,
        -16153.846,
        -16030.534,
        -15909.091,
        -15789.474,
        -15671.642,
        -15555.556,
        -15441.177,
        -15328.467,
        -15217.392,
        -15107.914,
        -15000.0,
        -14893.617,
        -14788.732,
        -14685.314,
        -14583.333,
        -14482.759,
        -14383.562,
        -14285.714,
        -14189.189,
        -14093.96,
        -14000.0,
        -13907.285,
        -13815.789,
        -13725.49,
        -13636.363,
        -13548.387,
        -13461.538,
        -13375.796,
        -13291.14,
        -13207.547,
        -13125.0
      ],
      "Voltage": -1,
      "Frequency": -1.0
    }
  ],
  "TractionCurves": [
    {
      "IsMax": true,
      "IsDefault": false,
      "Forces": [
        119360.0,
        119360.0,
        119360.0,
        119360.0,
        119360.0,
        119360.0,
        119360.0,
        119360.0,
        119360.0,
        119360.0,
        119360.0,
        119360.0,
        119360.0,
        119360.0,
        119360.0,
        119360.0,
        119360.0,
        119360.0,
        119360.0,
        119360.0,
        119360.0,
        119360.0,
        119360.0,
        119360.0,
        119360.0,
        119360.0,
        119360.0,
        119360.0,
        119360.0,
        119360.0,
        119360.0,
        119360.0,
        119360.0,
        119360.0,
        119360.0,
        119360.0,
        119360.0,
        119360.0,
        119360.0,
        119360.0,
        119360.0,
        119360.0,
        119360.0,
        119360.0,
        119360.0,
        119360.0,
        119360.0,
        119360.0,
        119360.0,
        119360.0,
        119360.0,
        119360.0,
        119360.0,
        119360.0,
        119360.0,
        119360.0,
        119360.0,
        119360.0,
        119222.07,
        117201.35,
        115248.0,
        113358.69,
        111530.32,
        109760.0,
        108045.0,
        106382.766,
        104770.91,
        103207.16,
        101689.41,
        100215.65,
        98784.0,
        97392.67,
        96039.99,
        94724.375,
        93444.32,
        92198.4,
        90985.26,
        89803.63,
        88652.305,
        87530.125,
        86436.0,
        85368.88,
        84327.805,
        83311.805,
        82319.99,
        81351.52,
        80405.58,
        79481.375,
        78578.18,
        77695.28,
        76832.0,
        75987.69,
        75161.74,
        74353.55,
        73562.555,
        72788.21,
        72030.0,
        71287.42,
        70560.0,
        69847.266,
        69148.8,
        68464.16,
        67792.94,
        67134.75,
        66489.23,
        65856.0,
        65234.71,
        64625.047,
        64026.668,
        63439.26,
        62862.543,
        62296.21,
        61740.0,
        61193.63,
        60656.84,
        60129.39,
        59611.035,
        59101.535,
        58600.676,
        58108.234,
        57624.0,
        57147.766,
        56679.344,
        56218.535,
        55765.16,
        55319.04,
        54880.0,
        54447.87,
        54022.5,
        53603.723,
        53191.383,
        52785.344,
        52385.453,
        51991.58,
        51603.58,
        51221.332,
        50844.703,
        50473.574,
        50107.824,
        49747.336,
        49392.0,
        49041.703,
        48696.336,
        48355.805,
        48019.996,
        47688.824,
        47362.188,
        47040.0,
        46722.16,
        46408.59,
        46099.2,
        45793.906,
        45492.63,
        45195.293,
        44901.816,
        44612.125,
        44326.152,
        44043.82,
        43765.062,
        43489.81,
        43218.0,
        42949.562
      ],
      "Voltage": -1,
      "Frequency": -1.0
    }
  ],
  "BrakingForce": 0.0,
  "BrakingPower": 0.0,
  "TractionForce": 0,
  "TractionPower": 0,
  "TractionEfficiency": 0.8,
  "BrakingEfficiency": 0.82
}