{
  "PartitionKey": "TrainUnitParameters",
  "Class": "2400",
  "BaseClassType": "2400",
  "CurveRes": 0.0,
  "Mass": 153800.0,
  "Length": 82.0,
  "DragA": 0.0,
  "DragAmass": 2.0493056E+14,
  "DragB": 0.0,
  "DragBmass": 0.0,
  "DragC": 2.0,
  "DeltaDragC": 3.3248117E+14,
  "MaxSpeed": 4.4444443E+10,
  "RotatingMassCoefficient": 0.0,
  "NumberOfCars": 3,
  "MechanicalBraking": 0.0,
  "Type": 0,
  "Propulsion": 0,
  "ProtectionSystem": null,
  "PreferedBraking": [
    [
      0.0,
      85.0
    ]
  ],
  "BrakedWeightPercentageG": 125,
  "BrakedWeightPercentageP": 125,
  "DisplayName": "2400",
  "NumAxles": 12,
  "SupportedTypes": [],
  "MinimumCoastingSpeed": 8333.0,
  "MinimumCoastingDistance": 300,
  "IsLoco": false,
  "SpeedometerDeviation": 0.0,
  "TractionPowerMap": null,
  "BrakingPowerMap": null,
  "BrakingCurves": [
    {
      "IsMax": true,
      "IsDefault": false,
      "Forces": [
        -130909.0,
        -130909.0,
        -130909.0,
        -130909.0,
        -130909.0,
        -130909.0,
        -130909.0,
        -130909.0,
        -130909.0,
        -130909.0,
        -130909.0,
        -130909.0,
        -130909.0,
        -130909.0,
        -130909.0,
        -130909.0,
        -130909.0,
        -130909.0,
        -130909.0,
        -130909.0,
        -130909.0,
        -130909.0,
        -130909.0,
        -130909.0,
        -130909.0,
        -130909.0,
        -130909.0,
        -130909.0,
        -130909.0,
        -130909.0,
        -130909.0,
        -130909.0,
        -130909.0,
        -130909.0,
        -130909.0,
        -130909.0,
        -130909.0,
        -130909.0,
        -130909.0,
        -130909.0,
        -130909.0,
        -130909.0,
        -130909.0,
        -130909.0,
        -130909.0,
        -130909.0,
        -130909.0,
        -130909.0,
        -130909.0,
        -130909.0,
        -130909.0,
        -130909.0,
        -130909.0,
        -130909.0,
        -130909.0,
        -130909.0,
        -130909.0,
        -130909.0,
        -130909.0,
        -130909.0,
        -130909.0,
        -130909.0,
        -130909.0,
        -130909.0,
        -130909.0,
        -130909.0,
        -130909.0,
        -130909.0,
        -130909.0,
        -130909.0,
        -130909.0,
        -130909.0,
        -130909.0,
        -130909.0,
        -130909.0,
        -130909.0,
        -130909.0,
        -130909.0,
        -130909.0,
        -130909.0,
        -130909.0,
        -130909.0,
        -130909.0,
        -130909.0,
        -130909.0,
        -130909.0,
        -130909.0,
        -130909.0,
        -130909.0,
        -130909.0,
        -130909.0,
        -130909.0,
        -130909.0,
        -130909.0,
        -130909.0,
        -130909.0,
        -130909.0,
        -130909.0,
        -130909.0,
        -130909.0,
        -130909.0,
        -130909.0,
        -130909.0,
        -130909.0,
        -130909.0,
        -130909.0,
        -130909.0,
        -130909.0,
        -130909.0,
        -130909.0,
        -130909.0,
        -1.2972973E+09,
        -1.2857143E+09,
        -1.2743363E+09,
        -1.2631579E+09,
        -1.252174E+09,
        -124137930.0,
        -1.2307693E+09,
        -1.220339E+09,
        -1.2100841E+09,
        -120000.0,
        -1.1900827E+09,
        -1.1803278E+09,
        -1.1707316E+09,
        -1.1612904E+09,
        -115200.0,
        -1.1428571E+09,
        -1.1338583E+09,
        -112500.0,
        -111627900.0,
        -1.1076923E+09,
        -1.0992366E+09,
        -1.090909E+09,
        -1.0827068E+09,
        -1.0746268E+09,
        -1.0666667E+09,
        -1.05882355E+09,
        -1.0510949E+09,
        -1.0434783E+09,
        -1.0359712E+09,
        -1.02857146E+09,
        -1.0212766E+09,
        -1.0140845E+09,
        -1.006993E+09,
        -100000.0,
        -993103400.0,
        -98630136.0,
        -979591800.0,
        -972973000.0,
        -966442940.0,
        -96000.0,
        -953642400.0,
        -947368450.0,
        -941176450.0,
        -935064960.0,
        -929032260.0,
        -923076900.0,
        -917197440.0,
        -911392400.0,
        -905660350.0,
        -90000.0
      ],
      "Voltage": -1,
      "Frequency": -1.0
    }
  ],
  "TractionCurves": [],
  "BrakingForce": 0.0,
  "BrakingPower": 0.0,
  "TractionForce": 0,
  "TractionPower": 0,
  "TractionEfficiency": 0.0,
  "BrakingEfficiency": 72.0
}