{
  "PartitionKey": "TrainUnitParameters",
  "Class": "2450",
  "BaseClassType": "2450",
  "CurveRes": 0.0,
  "Mass": 298700.0,
  "Length": 161.0,
  "DragA": 0.0,
  "DragAmass": 1.6394444E+14,
  "DragB": 0.0,
  "DragBmass": 0.0,
  "DragC": 2.0,
  "DeltaDragC": 5.0,
  "MaxSpeed": 4.4444443E+10,
  "RotatingMassCoefficient": 0.0,
  "NumberOfCars": 6,
  "MechanicalBraking": 0.0,
  "Type": 0,
  "Propulsion": 0,
  "ProtectionSystem": null,
  "PreferedBraking": [
    [
      0.0,
      85.0
    ]
  ],
  "BrakedWeightPercentageG": 125,
  "BrakedWeightPercentageP": 125,
  "DisplayName": "2450",
  "NumAxles": 24,
  "SupportedTypes": [],
  "MinimumCoastingSpeed": 8333.0,
  "MinimumCoastingDistance": 300,
  "IsLoco": false,
  "SpeedometerDeviation": 0.0,
  "TractionPowerMap": null,
  "BrakingPowerMap": null,
  "BrakingCurves": [
    {
      "IsMax": true,
      "IsDefault": false,
      "Forces": [
        -261818.0,
        -261818.0,
        -261818.0,
        -261818.0,
        -261818.0,
        -261818.0,
        -261818.0,
        -261818.0,
        -261818.0,
        -261818.0,
        -261818.0,
        -261818.0,
        -261818.0,
        -261818.0,
        -261818.0,
        -261818.0,
        -261818.0,
        -261818.0,
        -261818.0,
        -261818.0,
        -261818.0,
        -261818.0,
        -261818.0,
        -261818.0,
        -261818.0,
        -261818.0,
        -261818.0,
        -261818.0,
        -261818.0,
        -261818.0,
        -261818.0,
        -261818.0,
        -261818.0,
        -261818.0,
        -261818.0,
        -261818.0,
        -261818.0,
        -261818.0,
        -261818.0,
        -261818.0,
        -261818.0,
        -261818.0,
        -261818.0,
        -261818.0,
        -261818.0,
        -261818.0,
        -261818.0,
        -261818.0,
        -261818.0,
        -261818.0,
        -261818.0,
        -261818.0,
        -261818.0,
        -261818.0,
        -261818.0,
        -261818.0,
        -261818.0,
        -261818.0,
        -261818.0,
        -261818.0,
        -261818.0,
        -261818.0,
        -261818.0,
        -261818.0,
        -261818.0,
        -261818.0,
        -261818.0,
        -261818.0,
        -261818.0,
        -261818.0,
        -261818.0,
        -261818.0,
        -261818.0,
        -261818.0,
        -261818.0,
        -261818.0,
        -261818.0,
        -261818.0,
        -261818.0,
        -261818.0,
        -261818.0,
        -261818.0,
        -261818.0,
        -261818.0,
        -261818.0,
        -261818.0,
        -261818.0,
        -261818.0,
        -261818.0,
        -261818.0,
        -261818.0,
        -261818.0,
        -261818.0,
        -261818.0,
        -261818.0,
        -261818.0,
        -261818.0,
        -261818.0,
        -261818.0,
        -261818.0,
        -261818.0,
        -261818.0,
        -261818.0,
        -261818.0,
        -261818.0,
        -261818.0,
        -261818.0,
        -261818.0,
        -261818.0,
        -261818.0,
        -261818.0,
        -2.5945946E+09,
        -2.5714286E+09,
        -2.5486725E+09,
        -2.5263158E+09,
        -2.504348E+09,
        -2.4827587E+09,
        -2.4615386E+09,
        -2.440678E+09,
        -2.4201682E+09,
        -240000.0,
        -2.3801654E+09,
        -2.3606556E+09,
        -2.3414633E+09,
        -2.3225807E+09,
        -230400.0,
        -2.2857142E+09,
        -2.2677166E+09,
        -225000.0,
        -223255800.0,
        -2.2153846E+09,
        -2.1984732E+09,
        -2.181818E+09,
        -2.1654136E+09,
        -2.1492536E+09,
        -2.1333334E+09,
        -2.1176471E+09,
        -2.1021898E+09,
        -2.0869565E+09,
        -2.0719424E+09,
        -2.0571429E+09,
        -2.0425532E+09,
        -2.028169E+09,
        -2.013986E+09,
        -200000.0,
        -1.9862068E+09,
        -197260270.0,
        -1.9591836E+09,
        -1.945946E+09,
        -1.9328859E+09,
        -192000.0,
        -1.9072847E+09,
        -1.8947369E+09,
        -1.8823529E+09,
        -187013000.0,
        -1.8580645E+09,
        -1.8461539E+09,
        -1.8343949E+09,
        -182278480.0,
        -1.8113207E+09,
        -180000.0
      ],
      "Voltage": -1,
      "Frequency": -1.0
    }
  ],
  "TractionCurves": [],
  "BrakingForce": 0.0,
  "BrakingPower": 0.0,
  "TractionForce": 0,
  "TractionPower": 0,
  "TractionEfficiency": 0.0,
  "BrakingEfficiency": 72.0
}