{
  "PartitionKey": "TrainUnitParameters",
  "Class": "AM08",
  "BaseClassType": "AM08",
  "CurveRes": 0.0,
  "Mass": 146800.0,
  "Length": 799.0,
  "DragA": 0.0,
  "DragAmass": 4.5567716E+13,
  "DragB": 0.0,
  "DragBmass": 0.0,
  "DragC": 15.0,
  "DeltaDragC": 2.6695732E+14,
  "MaxSpeed": 444444450.0,
  "RotatingMassCoefficient": 0.0,
  "NumberOfCars": 3,
  "MechanicalBraking": 0.0,
  "Type": 0,
  "Propulsion": 0,
  "ProtectionSystem": null,
  "PreferedBraking": [
    [
      0.0,
      85.0
    ]
  ],
  "BrakedWeightPercentageG": 144,
  "BrakedWeightPercentageP": 144,
  "DisplayName": "AM08",
  "NumAxles": 12,
  "SupportedTypes": [],
  "MinimumCoastingSpeed": 8333.0,
  "MinimumCoastingDistance": 300,
  "IsLoco": false,
  "SpeedometerDeviation": 0.0,
  "TractionPowerMap": null,
  "BrakingPowerMap": null,
  "BrakingCurves": [
    {
      "IsMax": true,
      "IsDefault": false,
      "Forces": [
        0.0,
        -329311100.0,
        -658622200.0,
        -987933300.0,
        -1.3172444E+09,
        -1.6465555E+09,
        -164656.0,
        -164656.0,
        -164656.0,
        -164656.0,
        -164656.0,
        -164656.0,
        -164656.0,
        -164656.0,
        -164656.0,
        -164656.0,
        -164656.0,
        -164656.0,
        -164656.0,
        -164656.0,
        -164656.0,
        -164656.0,
        -164656.0,
        -164656.0,
        -164656.0,
        -164656.0,
        -164656.0,
        -164656.0,
        -164656.0,
        -164656.0,
        -164656.0,
        -164656.0,
        -164656.0,
        -164656.0,
        -164656.0,
        -164656.0,
        -164656.0,
        -164656.0,
        -164656.0,
        -164656.0,
        -164656.0,
        -164656.0,
        -164656.0,
        -164656.0,
        -164656.0,
        -164656.0,
        -164656.0,
        -164656.0,
        -163591420.0,
        -1.6025283E+09,
        -157047780.0,
        -1539684.0,
        -1.5100748E+09,
        -1.4815827E+09,
        -1454146.0,
        -1.427707E+09,
        -1.4022122E+09,
        -1377612.0,
        -1.3538601E+09,
        -1.3309133E+09,
        -13087314.0,
        -1.2872768E+09,
        -1.2665143E+09,
        -1.2464109E+09,
        -1.2269357E+09,
        -1.2080598E+09,
        -1.1897558E+09,
        -1.1719982E+09,
        -1154763.0,
        -1.1380273E+09,
        -1.1217697E+09,
        -1.1059702E+09,
        -10906095.0,
        -1.0756696E+09,
        -1.0611336E+09,
        -104698510.0,
        -1033209.0,
        -1.0197907E+09,
        -1.0067165E+09,
        -993973200.0,
        -98154856.0,
        -969430660.0,
        -957608300.0,
        -946070900.0,
        -934808100.0,
        -9238104.0,
        -913068400.0,
        -902573400.0,
        -892316860.0,
        -882290800.0,
        -8724876.0,
        -862899840.0,
        -853520450.0,
        -844342850.0,
        -835360450.0,
        -8265672.0,
        -817957100.0,
        -809524600.0,
        -801264100.0,
        -793170560.0,
        -78523890.0,
        -777464200.0,
        -769842.0,
        -762367800.0,
        -755037400.0,
        -747846500.0,
        -740791360.0,
        -733868100.0,
        -727073.0,
        -720402600.0,
        -713853500.0,
        -707422400.0,
        -701106100.0,
        -694901600.0,
        -688806.0,
        -682816400.0,
        -676930050.0,
        -671144300.0,
        -665456640.0,
        -659864600.0,
        -6543657.0,
        -648957700.0,
        -643638400.0,
        -638405570.0,
        -633257150.0,
        -628191100.0,
        -623205440.0,
        -618298300.0,
        -613467840.0,
        -608712260.0,
        -604029900.0,
        -599418940.0,
        -594877900.0,
        -590405100.0,
        -585999100.0,
        -5816584.0,
        -5773815.0,
        -573167040.0,
        -569013600.0,
        -564920000.0,
        -560884860.0,
        -556907000.0,
        -552985100.0,
        -54911810.0,
        -54530476.0,
        -541544000.0,
        -537834800.0,
        -534176100.0,
        -530566800.0,
        -527005920.0,
        -52349256.0,
        -520025730.0,
        -5166045.0,
        -513228.0,
        -509895360.0,
        -506605700.0,
        -503358240.0,
        -500152130.0,
        -496986620.0,
        -493860900.0,
        -490774270.0
      ],
      "Voltage": -1,
      "Frequency": -1.0
    }
  ],
  "TractionCurves": [],
  "BrakingForce": 0.0,
  "BrakingPower": 0.0,
  "TractionForce": 0,
  "TractionPower": 0,
  "TractionEfficiency": 0.0,
  "BrakingEfficiency": 7.0
}